Absorbance,NH4 +AFs-umol/l+AF0-  measured,Actual
75,72,88.25575363
150,144,129.74724557
512,336,330.01284664
1000,596,599.98415416
